pokedex_nr,en_name,type_1,type_2,attack,defense,hp,special_attack,special_defense,speed,effort_attack,effort_defense,effort_hp,effort_special_attack,effort_special_defense,effort_speed
1,Bulbasaur,Grass,Poison,49,49,45,65,65,45,0,0,0,1,0,0
2,Ivysaur,Grass,Poison,62,63,60,80,80,60,0,0,0,1,1,0
3,Venusaur,Grass,Poison,82,83,80,100,100,80,0,0,0,2,1,0
4,Charmander,Fire,,52,43,39,60,50,65,0,0,0,0,0,1
5,Charmeleon,Fire,,64,58,58,80,65,80,0,0,0,1,0,1
6,Charizard,Fire,Flying,84,78,78,109,85,100,0,0,0,3,0,0
7,Squirtle,Water,,48,65,44,50,64,43,0,1,0,0,0,0
8,Wartortle,Water,,63,80,59,65,80,58,0,1,0,0,1,0
9,Blastoise,Water,,83,100,79,85,105,78,0,0,0,0,3,0
10,Caterpie,Bug,,30,35,45,20,20,45,0,0,1,0,0,0
11,Metapod,Bug,,20,55,50,25,25,30,0,2,0,0,0,0
12,Butterfree,Bug,Flying,45,50,60,90,80,70,0,0,0,2,1,0
13,Weedle,Bug,Poison,35,30,40,20,20,50,0,0,0,0,0,1
14,Kakuna,Bug,Poison,25,50,45,25,25,35,0,2,0,0,0,0
15,Beedrill,Bug,Poison,90,40,65,45,80,75,2,0,0,0,1,0
16,Pidgey,Normal,Flying,45,40,40,35,35,56,0,0,0,0,0,1
17,Pidgeotto,Normal,Flying,60,55,63,50,50,71,0,0,0,0,0,2
18,Pidgeot,Normal,Flying,80,75,83,70,70,101,0,0,0,0,0,3
19,Rattata,Normal,,56,35,30,25,35,72,0,0,0,0,0,1
20,Raticate,Normal,,81,60,55,50,70,97,0,0,0,0,0,2
21,Spearow,Normal,Flying,60,30,40,31,31,70,0,0,0,0,0,1
22,Fearow,Normal,Flying,90,65,65,61,61,100,0,0,0,0,0,2
23,Ekans,Poison,,60,44,35,40,54,55,1,0,0,0,0,0
24,Arbok,Poison,,95,69,60,65,79,80,2,0,0,0,0,0
25,Pikachu,Electric,,55,40,35,50,50,90,0,0,0,0,0,2
26,Raichu,Electric,,90,55,60,90,80,110,0,0,0,0,0,3
27,Sandshrew,Ground,,75,85,50,20,30,40,0,1,0,0,0,0
28,Sandslash,Ground,,100,110,75,45,55,65,0,2,0,0,0,0
29,Nidoran♀,Poison,,47,52,55,40,40,41,0,0,1,0,0,0
30,Nidorina,Poison,,62,67,70,55,55,56,0,0,2,0,0,0
31,Nidoqueen,Poison,Ground,92,87,90,75,85,76,0,0,3,0,0,0
32,Nidoran♂,Poison,,57,40,46,40,40,50,1,0,0,0,0,0
33,Nidorino,Poison,,72,57,61,55,55,65,2,0,0,0,0,0
34,Nidoking,Poison,Ground,102,77,81,85,75,85,3,0,0,0,0,0
35,Clefairy,Fairy,,45,48,70,60,65,35,0,0,2,0,0,0
36,Clefable,Fairy,,70,73,95,95,90,60,0,0,3,0,0,0
37,Vulpix,Fire,,41,40,38,50,65,65,0,0,0,0,0,1
38,Ninetales,Fire,,76,75,73,81,100,100,0,0,0,0,1,1
39,Jigglypuff,Normal,Fairy,45,20,115,45,25,20,0,0,2,0,0,0
40,Wigglytuff,Normal,Fairy,70,45,140,85,50,45,0,0,3,0,0,0
41,Zubat,Poison,Flying,45,35,40,30,40,55,0,0,0,0,0,1
42,Golbat,Poison,Flying,80,70,75,65,75,90,0,0,0,0,0,2
43,Oddish,Grass,Poison,50,55,45,75,65,30,0,0,0,1,0,0
44,Gloom,Grass,Poison,65,70,60,85,75,40,0,0,0,2,0,0
45,Vileplume,Grass,Poison,80,85,75,110,90,50,0,0,0,3,0,0
46,Paras,Bug,Grass,70,55,35,45,55,25,1,0,0,0,0,0
47,Parasect,Bug,Grass,95,80,60,60,80,30,2,1,0,0,0,0
48,Venonat,Bug,Poison,55,50,60,40,55,45,0,0,0,0,1,0
49,Venomoth,Bug,Poison,65,60,70,90,75,90,0,0,0,1,0,1
50,Diglett,Ground,,55,25,10,35,45,95,0,0,0,0,0,1
51,Dugtrio,Ground,,100,50,35,50,70,120,0,0,0,0,0,2
52,Meowth,Normal,,45,35,40,40,40,90,0,0,0,0,0,1
53,Persian,Normal,,70,60,65,65,65,115,0,0,0,0,0,2
54,Psyduck,Water,,52,48,50,65,50,55,0,0,0,1,0,0
55,Golduck,Water,,82,78,80,95,80,85,0,0,0,2,0,0
56,Mankey,Fight,,80,35,40,35,45,70,1,0,0,0,0,0
57,Primeape,Fight,,105,60,65,60,70,95,2,0,0,0,0,0
58,Growlithe,Fire,,70,45,55,70,50,60,1,0,0,0,0,0
59,Arcanine,Fire,,110,80,90,100,80,95,2,0,0,0,0,0
60,Poliwag,Water,,50,40,40,40,40,90,0,0,0,0,0,1
61,Poliwhirl,Water,,65,65,65,50,50,90,0,0,0,0,0,2
62,Poliwrath,Water,Fight,95,95,90,70,90,70,0,3,0,0,0,0
63,Abra,Psychic,,20,15,25,105,55,90,0,0,0,1,0,0
64,Kadabra,Psychic,,35,30,40,120,70,105,0,0,0,2,0,0
65,Alakazam,Psychic,,50,45,55,135,95,120,0,0,0,3,0,0
66,Machop,Fight,,80,50,70,35,35,35,1,0,0,0,0,0
67,Machoke,Fight,,100,70,80,50,60,45,2,0,0,0,0,0
68,Machamp,Fight,,130,80,90,65,85,55,3,0,0,0,0,0
69,Bellsprout,Grass,Poison,75,35,50,70,30,40,1,0,0,0,0,0
70,Weepinbell,Grass,Poison,90,50,65,85,45,55,2,0,0,0,0,0
71,Victreebel,Grass,Poison,105,65,80,100,70,70,3,0,0,0,0,0
72,Tentacool,Water,Poison,40,35,40,50,100,70,0,0,0,0,1,0
73,Tentacruel,Water,Poison,70,65,80,80,120,100,0,0,0,0,2,0
74,Geodude,Rock,Ground,80,100,40,30,30,20,0,1,0,0,0,0
75,Graveler,Rock,Ground,95,115,55,45,45,35,0,2,0,0,0,0
76,Golem,Rock,Ground,120,130,80,55,65,45,0,3,0,0,0,0
77,Ponyta,Fire,,85,55,50,65,65,90,0,0,0,0,0,1
78,Rapidash,Fire,,100,70,65,80,80,105,0,0,0,0,0,2
79,Slowpoke,Water,Psychic,65,65,90,40,40,15,0,0,1,0,0,0
80,Slowbro,Water,Psychic,75,110,95,100,80,30,0,2,0,0,0,0
81,Magnemite,Electric,Steel,35,70,25,95,55,45,0,0,0,1,0,0
82,Magneton,Electric,Steel,60,95,50,120,70,70,0,0,0,2,0,0
83,Farfetch’d,Normal,Flying,90,55,52,58,62,60,1,0,0,0,0,0
84,Doduo,Normal,Flying,85,45,35,35,35,75,1,0,0,0,0,0
85,Dodrio,Normal,Flying,110,70,60,60,60,110,2,0,0,0,0,0
86,Seel,Water,,45,55,65,45,70,45,0,0,0,0,1,0
87,Dewgong,Water,Ice,70,80,90,70,95,70,0,0,0,0,2,0
88,Grimer,Poison,,80,50,80,40,50,25,0,0,1,0,0,0
89,Muk,Poison,,105,75,105,65,100,50,1,0,1,0,0,0
90,Shellder,Water,,65,100,30,45,25,40,0,1,0,0,0,0
91,Cloyster,Water,Ice,95,180,50,85,45,70,0,2,0,0,0,0
92,Gastly,Ghost,Poison,35,30,30,100,35,80,0,0,0,1,0,0
93,Haunter,Ghost,Poison,50,45,45,115,55,95,0,0,0,2,0,0
94,Gengar,Ghost,Poison,65,60,60,130,75,110,0,0,0,3,0,0
95,Onix,Rock,Ground,45,160,35,30,45,70,0,1,0,0,0,0
96,Drowzee,Psychic,,48,45,60,43,90,42,0,0,0,0,1,0
97,Hypno,Psychic,,73,70,85,73,115,67,0,0,0,0,2,0
98,Krabby,Water,,105,90,30,25,25,50,1,0,0,0,0,0
99,Kingler,Water,,130,115,55,50,50,75,2,0,0,0,0,0
100,Voltorb,Electric,,30,50,40,55,55,100,0,0,0,0,0,1
101,Electrode,Electric,,50,70,60,80,80,150,0,0,0,0,0,2
102,Exeggcute,Grass,Psychic,40,80,60,60,45,40,0,1,0,0,0,0
103,Exeggutor,Grass,Psychic,95,85,95,125,75,55,0,0,0,2,0,0
104,Cubone,Ground,,50,95,50,40,50,35,0,1,0,0,0,0
105,Marowak,Ground,,80,110,60,50,80,45,0,2,0,0,0,0
106,Hitmonlee,Fight,,120,53,50,35,110,87,2,0,0,0,0,0
107,Hitmonchan,Fight,,105,79,50,35,110,76,0,0,0,0,2,0
108,Lickitung,Normal,,55,75,90,60,75,30,0,0,2,0,0,0
109,Koffing,Poison,,65,95,40,60,45,35,0,1,0,0,0,0
110,Weezing,Poison,,90,120,65,85,70,60,0,2,0,0,0,0
111,Rhyhorn,Ground,Rock,85,95,80,30,30,25,0,1,0,0,0,0
112,Rhydon,Ground,Rock,130,120,105,45,45,40,2,0,0,0,0,0
113,Chansey,Normal,,5,5,250,35,105,50,0,0,2,0,0,0
114,Tangela,Grass,,55,115,65,100,40,60,0,1,0,0,0,0
115,Kangaskhan,Normal,,95,80,105,40,80,90,0,0,2,0,0,0
116,Horsea,Water,,40,70,30,70,25,60,0,0,0,1,0,0
117,Seadra,Water,,65,95,55,95,45,85,0,1,0,1,0,0
118,Goldeen,Water,,67,60,45,35,50,63,1,0,0,0,0,0
119,Seaking,Water,,92,65,80,65,80,68,2,0,0,0,0,0
120,Staryu,Water,,45,55,30,70,55,85,0,0,0,0,0,1
121,Starmie,Water,Psychic,75,85,60,100,85,115,0,0,0,0,0,2
122,Mr. Mime,Psychic,Fairy,45,65,40,100,120,90,0,0,0,0,2,0
123,Scyther,Bug,Flying,110,80,70,55,80,105,1,0,0,0,0,0
124,Jynx,Ice,Psychic,50,35,65,115,95,95,0,0,0,2,0,0
125,Electabuzz,Electric,,83,57,65,95,85,105,0,0,0,0,0,2
126,Magmar,Fire,,95,57,65,100,85,93,0,0,0,2,0,0
127,Pinsir,Bug,,125,100,65,55,70,85,2,0,0,0,0,0
128,Tauros,Normal,,100,95,75,40,70,110,1,0,0,0,0,1
129,Magikarp,Water,,10,55,20,15,20,80,0,0,0,0,0,1
130,Gyarados,Water,Flying,125,79,95,60,100,81,2,0,0,0,0,0
131,Lapras,Water,Ice,85,80,130,85,95,60,0,0,2,0,0,0
132,Ditto,Normal,,48,48,48,48,48,48,0,0,1,0,0,0
133,Eevee,Normal,,55,50,55,45,65,55,0,0,0,0,1,0
134,Vaporeon,Water,,65,60,130,110,95,65,0,0,2,0,0,0
135,Jolteon,Electric,,65,60,65,110,95,130,0,0,0,0,0,2
136,Flareon,Fire,,130,60,65,95,110,65,2,0,0,0,0,0
137,Porygon,Normal,,60,70,65,85,75,40,0,0,0,1,0,0
138,Omanyte,Rock,Water,40,100,35,90,55,35,0,1,0,0,0,0
139,Omastar,Rock,Water,60,125,70,115,70,55,0,2,0,0,0,0
140,Kabuto,Rock,Water,80,90,30,55,45,55,0,1,0,0,0,0
141,Kabutops,Rock,Water,115,105,60,65,70,80,2,0,0,0,0,0
142,Aerodactyl,Rock,Flying,105,65,80,60,75,130,0,0,0,0,0,2
143,Snorlax,Normal,,110,65,160,65,110,30,0,0,2,0,0,0
144,Articuno,Ice,Flying,85,100,90,95,125,85,0,0,0,0,3,0
145,Zapdos,Electric,Flying,90,85,90,125,90,100,0,0,0,3,0,0
146,Moltres,Fire,Flying,100,90,90,125,85,90,0,0,0,3,0,0
147,Dratini,Dragon,,64,45,41,50,50,50,1,0,0,0,0,0
148,Dragonair,Dragon,,84,65,61,70,70,70,2,0,0,0,0,0
149,Dragonite,Dragon,Flying,134,95,91,100,100,80,3,0,0,0,0,0
150,Mewtwo,Psychic,,110,90,106,154,90,130,0,0,0,3,0,0
151,Mew,Psychic,,100,100,100,100,100,100,0,0,3,0,0,0
152,Chikorita,Grass,,49,65,45,49,65,45,0,0,0,0,1,0
153,Bayleef,Grass,,62,80,60,63,80,60,0,1,0,0,1,0
154,Meganium,Grass,,82,100,80,83,100,80,0,1,0,0,2,0
155,Cyndaquil,Fire,,52,43,39,60,50,65,0,0,0,0,0,1
156,Quilava,Fire,,64,58,58,80,65,80,0,0,0,1,0,1
157,Typhlosion,Fire,,84,78,78,109,85,100,0,0,0,3,0,0
158,Totodile,Water,,65,64,50,44,48,43,1,0,0,0,0,0
159,Croconaw,Water,,80,80,65,59,63,58,1,1,0,0,0,0
160,Feraligatr,Water,,105,100,85,79,83,78,2,1,0,0,0,0
161,Sentret,Normal,,46,34,35,35,45,20,1,0,0,0,0,0
162,Furret,Normal,,76,64,85,45,55,90,0,0,0,0,0,2
163,Hoothoot,Normal,Flying,30,30,60,36,56,50,0,0,1,0,0,0
164,Noctowl,Normal,Flying,50,50,100,86,96,70,0,0,2,0,0,0
165,Ledyba,Bug,Flying,20,30,40,40,80,55,0,0,0,0,1,0
166,Ledian,Bug,Flying,35,50,55,55,110,85,0,0,0,0,2,0
167,Spinarak,Bug,Poison,60,40,40,40,40,30,1,0,0,0,0,0
168,Ariados,Bug,Poison,90,70,70,60,70,40,2,0,0,0,0,0
169,Crobat,Poison,Flying,90,80,85,70,80,130,0,0,0,0,0,3
170,Chinchou,Water,Electric,38,38,75,56,56,67,0,0,1,0,0,0
171,Lanturn,Water,Electric,58,58,125,76,76,67,0,0,2,0,0,0
172,Pichu,Electric,,40,15,20,35,35,60,0,0,0,0,0,1
173,Cleffa,Fairy,,25,28,50,45,55,15,0,0,0,0,1,0
174,Igglybuff,Normal,Fairy,30,15,90,40,20,15,0,0,1,0,0,0
175,Togepi,Fairy,,20,65,35,40,65,20,0,0,0,0,1,0
176,Togetic,Fairy,Flying,40,85,55,80,105,40,0,0,0,0,2,0
177,Natu,Psychic,Flying,50,45,40,70,45,70,0,0,0,1,0,0
178,Xatu,Psychic,Flying,75,70,65,95,70,95,0,0,0,1,0,1
179,Mareep,Electric,,40,40,55,65,45,35,0,0,0,1,0,0
180,Flaaffy,Electric,,55,55,70,80,60,45,0,0,0,2,0,0
181,Ampharos,Electric,,75,85,90,115,90,55,0,0,0,3,0,0
182,Bellossom,Grass,,80,95,75,90,100,50,0,0,0,0,3,0
183,Marill,Water,Fairy,20,50,70,20,50,40,0,0,2,0,0,0
184,Azumarill,Water,Fairy,50,80,100,60,80,50,0,0,3,0,0,0
185,Sudowoodo,Rock,,100,115,70,30,65,30,0,2,0,0,0,0
186,Politoed,Water,,75,75,90,90,100,70,0,0,0,0,3,0
187,Hoppip,Grass,Flying,35,40,35,35,55,50,0,0,0,0,1,0
188,Skiploom,Grass,Flying,45,50,55,45,65,80,0,0,0,0,0,2
189,Jumpluff,Grass,Flying,55,70,75,55,95,110,0,0,0,0,0,3
190,Aipom,Normal,,70,55,55,40,55,85,0,0,0,0,0,1
191,Sunkern,Grass,,30,30,30,30,30,30,0,0,0,1,0,0
192,Sunflora,Grass,,75,55,75,105,85,30,0,0,0,2,0,0
193,Yanma,Bug,Flying,65,45,65,75,45,95,0,0,0,0,0,1
194,Wooper,Water,Ground,45,45,55,25,25,15,0,0,1,0,0,0
195,Quagsire,Water,Ground,85,85,95,65,65,35,0,0,2,0,0,0
196,Espeon,Psychic,,65,60,65,130,95,110,0,0,0,2,0,0
197,Umbreon,Dark,,65,110,95,60,130,65,0,0,0,0,2,0
198,Murkrow,Dark,Flying,85,42,60,85,42,91,0,0,0,0,0,1
199,Slowking,Water,Psychic,75,80,95,100,110,30,0,0,0,0,3,0
200,Misdreavus,Ghost,,60,60,60,85,85,85,0,0,0,0,1,0
201,Unown,Psychic,,72,48,48,72,48,48,1,0,0,1,0,0
202,Wobbuffet,Psychic,,33,58,190,33,58,33,0,0,2,0,0,0
203,Girafarig,Normal,Psychic,80,65,70,90,65,85,0,0,0,2,0,0
204,Pineco,Bug,,65,90,50,35,35,15,0,1,0,0,0,0
205,Forretress,Bug,Steel,90,140,75,60,60,40,0,2,0,0,0,0
206,Dunsparce,Normal,,70,70,100,65,65,45,0,0,1,0,0,0
207,Gligar,Ground,Flying,75,105,65,35,65,85,0,1,0,0,0,0
208,Steelix,Steel,Ground,85,200,75,55,65,30,0,2,0,0,0,0
209,Snubbull,Fairy,,80,50,60,40,40,30,1,0,0,0,0,0
210,Granbull,Fairy,,120,75,90,60,60,45,2,0,0,0,0,0
211,Qwilfish,Water,Poison,95,85,65,55,55,85,1,0,0,0,0,0
212,Scizor,Bug,Steel,130,100,70,55,80,65,2,0,0,0,0,0
213,Shuckle,Bug,Rock,10,230,20,10,230,5,0,1,0,0,1,0
214,Heracross,Bug,Fight,125,75,80,40,95,85,2,0,0,0,0,0
215,Sneasel,Dark,Ice,95,55,55,35,75,115,0,0,0,0,0,1
216,Teddiursa,Normal,,80,50,60,50,50,40,1,0,0,0,0,0
217,Ursaring,Normal,,130,75,90,75,75,55,2,0,0,0,0,0
218,Slugma,Fire,,40,40,40,70,40,20,0,0,0,1,0,0
219,Magcargo,Fire,Rock,50,120,60,90,80,30,0,2,0,0,0,0
220,Swinub,Ice,Ground,50,40,50,30,30,50,1,0,0,0,0,0
221,Piloswine,Ice,Ground,100,80,100,60,60,50,1,0,1,0,0,0
222,Corsola,Water,Rock,55,95,65,65,95,35,0,1,0,0,1,0
223,Remoraid,Water,,65,35,35,65,35,65,0,0,0,1,0,0
224,Octillery,Water,,105,75,75,105,75,45,1,0,0,1,0,0
225,Delibird,Ice,Flying,55,45,45,65,45,75,0,0,0,0,0,1
226,Mantine,Water,Flying,40,70,85,80,140,70,0,0,0,0,2,0
227,Skarmory,Steel,Flying,80,140,65,40,70,70,0,2,0,0,0,0
228,Houndour,Dark,Fire,60,30,45,80,50,65,0,0,0,1,0,0
229,Houndoom,Dark,Fire,90,50,75,110,80,95,0,0,0,2,0,0
230,Kingdra,Water,Dragon,95,95,75,95,95,85,1,0,0,1,1,0
231,Phanpy,Ground,,60,60,90,40,40,40,0,0,1,0,0,0
232,Donphan,Ground,,120,120,90,60,60,50,1,1,0,0,0,0
233,Porygon2,Normal,,80,90,85,105,95,60,0,0,0,2,0,0
234,Stantler,Normal,,95,62,73,85,65,85,1,0,0,0,0,0
235,Smeargle,Normal,,20,35,55,20,45,75,0,0,0,0,0,1
236,Tyrogue,Fight,,35,35,35,35,35,35,1,0,0,0,0,0
237,Hitmontop,Fight,,95,95,50,35,110,70,0,0,0,0,2,0
238,Smoochum,Ice,Psychic,30,15,45,85,65,65,0,0,0,1,0,0
239,Elekid,Electric,,63,37,45,65,55,95,0,0,0,0,0,1
240,Magby,Fire,,75,37,45,70,55,83,0,0,0,0,0,1
241,Miltank,Normal,,80,105,95,40,70,100,0,2,0,0,0,0
242,Blissey,Normal,,10,10,255,75,135,55,0,0,3,0,0,0
243,Raikou,Electric,,85,75,90,115,100,115,0,0,0,1,0,2
244,Entei,Fire,,115,85,115,90,75,100,2,0,1,0,0,0
245,Suicune,Water,,75,115,100,90,115,85,0,1,0,0,2,0
246,Larvitar,Rock,Ground,64,50,50,45,50,41,1,0,0,0,0,0
247,Pupitar,Rock,Ground,84,70,70,65,70,51,2,0,0,0,0,0
248,Tyranitar,Rock,Dark,134,110,100,95,100,61,3,0,0,0,0,0
249,Lugia,Psychic,Flying,90,130,106,90,154,110,0,0,0,0,3,0
250,Ho-Oh,Fire,Flying,130,90,106,110,154,90,0,0,0,0,3,0
251,Celebi,Psychic,Grass,100,100,100,100,100,100,0,0,3,0,0,0
252,Treecko,Grass,,45,35,40,65,55,70,0,0,0,0,0,1
253,Grovyle,Grass,,65,45,50,85,65,95,0,0,0,0,0,2
254,Sceptile,Grass,,85,65,70,105,85,120,0,0,0,0,0,3
255,Torchic,Fire,,60,40,45,70,50,45,0,0,0,1,0,0
256,Combusken,Fire,Fight,85,60,60,85,60,55,1,0,0,1,0,0
257,Blaziken,Fire,Fight,120,70,80,110,70,80,3,0,0,0,0,0
258,Mudkip,Water,,70,50,50,50,50,40,1,0,0,0,0,0
259,Marshtomp,Water,Ground,85,70,70,60,70,50,2,0,0,0,0,0
260,Swampert,Water,Ground,110,90,100,85,90,60,3,0,0,0,0,0
261,Poochyena,Dark,,55,35,35,30,30,35,1,0,0,0,0,0
262,Mightyena,Dark,,90,70,70,60,60,70,2,0,0,0,0,0
263,Zigzagoon,Normal,,30,41,38,30,41,60,0,0,0,0,0,1
264,Linoone,Normal,,70,61,78,50,61,100,0,0,0,0,0,2
265,Wurmple,Bug,,45,35,45,20,30,20,0,0,1,0,0,0
266,Silcoon,Bug,,35,55,50,25,25,15,0,2,0,0,0,0
267,Beautifly,Bug,Flying,70,50,60,100,50,65,0,0,0,3,0,0
268,Cascoon,Bug,,35,55,50,25,25,15,0,2,0,0,0,0
269,Dustox,Bug,Poison,50,70,60,50,90,65,0,0,0,0,3,0
270,Lotad,Water,Grass,30,30,40,40,50,30,0,0,0,0,1,0
271,Lombre,Water,Grass,50,50,60,60,70,50,0,0,0,0,2,0
272,Ludicolo,Water,Grass,70,70,80,90,100,70,0,0,0,0,3,0
273,Seedot,Grass,,40,50,40,30,30,30,0,1,0,0,0,0
274,Nuzleaf,Grass,Dark,70,40,70,60,40,60,2,0,0,0,0,0
275,Shiftry,Grass,Dark,100,60,90,90,60,80,3,0,0,0,0,0
276,Taillow,Normal,Flying,55,30,40,30,30,85,0,0,0,0,0,1
277,Swellow,Normal,Flying,85,60,60,75,50,125,0,0,0,0,0,2
278,Wingull,Water,Flying,30,30,40,55,30,85,0,0,0,0,0,1
279,Pelipper,Water,Flying,50,100,60,95,70,65,0,2,0,0,0,0
280,Ralts,Psychic,Fairy,25,25,28,45,35,40,0,0,0,1,0,0
281,Kirlia,Psychic,Fairy,35,35,38,65,55,50,0,0,0,2,0,0
282,Gardevoir,Psychic,Fairy,65,65,68,125,115,80,0,0,0,3,0,0
283,Surskit,Bug,Water,30,32,40,50,52,65,0,0,0,0,0,1
284,Masquerain,Bug,Flying,60,62,70,100,82,80,0,0,0,1,1,0
285,Shroomish,Grass,,40,60,60,40,60,35,0,0,1,0,0,0
286,Breloom,Grass,Fight,130,80,60,60,60,70,2,0,0,0,0,0
287,Slakoth,Normal,,60,60,60,35,35,30,0,0,1,0,0,0
288,Vigoroth,Normal,,80,80,80,55,55,90,0,0,0,0,0,2
289,Slaking,Normal,,160,100,150,95,65,100,0,0,3,0,0,0
290,Nincada,Bug,Ground,45,90,31,30,30,40,0,1,0,0,0,0
291,Ninjask,Bug,Flying,90,45,61,50,50,160,0,0,0,0,0,2
292,Shedinja,Bug,Ghost,90,45,1,30,30,40,0,0,2,0,0,0
293,Whismur,Normal,,51,23,64,51,23,28,0,0,1,0,0,0
294,Loudred,Normal,,71,43,84,71,43,48,0,0,2,0,0,0
295,Exploud,Normal,,91,63,104,91,73,68,0,0,3,0,0,0
296,Makuhita,Fight,,60,30,72,20,30,25,0,0,1,0,0,0
297,Hariyama,Fight,,120,60,144,40,60,50,0,0,2,0,0,0
298,Azurill,Normal,Fairy,20,40,50,20,40,20,0,0,1,0,0,0
299,Nosepass,Rock,,45,135,30,45,90,30,0,1,0,0,0,0
300,Skitty,Normal,,45,45,50,35,35,50,0,0,0,0,0,1
301,Delcatty,Normal,,65,65,70,55,55,90,0,0,1,0,0,1
302,Sableye,Dark,Ghost,75,75,50,65,65,50,1,1,0,0,0,0
303,Mawile,Steel,Fairy,85,85,50,55,55,50,1,1,0,0,0,0
304,Aron,Steel,Rock,70,100,50,40,40,30,0,1,0,0,0,0
305,Lairon,Steel,Rock,90,140,60,50,50,40,0,2,0,0,0,0
306,Aggron,Steel,Rock,110,180,70,60,60,50,0,3,0,0,0,0
307,Meditite,Fight,Psychic,40,55,30,40,55,60,0,0,0,0,0,1
308,Medicham,Fight,Psychic,60,75,60,60,75,80,0,0,0,0,0,2
309,Electrike,Electric,,45,40,40,65,40,65,0,0,0,0,0,1
310,Manectric,Electric,,75,60,70,105,60,105,0,0,0,0,0,2
311,Plusle,Electric,,50,40,60,85,75,95,0,0,0,0,0,1
312,Minun,Electric,,40,50,60,75,85,95,0,0,0,0,0,1
313,Volbeat,Bug,,73,75,65,47,85,85,0,0,0,0,0,1
314,Illumise,Bug,,47,75,65,73,85,85,0,0,0,0,0,1
315,Roselia,Grass,Poison,60,45,50,100,80,65,0,0,0,2,0,0
316,Gulpin,Poison,,43,53,70,43,53,40,0,0,1,0,0,0
317,Swalot,Poison,,73,83,100,73,83,55,0,0,2,0,0,0
318,Carvanha,Water,Dark,90,20,45,65,20,65,1,0,0,0,0,0
319,Sharpedo,Water,Dark,120,40,70,95,40,95,2,0,0,0,0,0
320,Wailmer,Water,,70,35,130,70,35,60,0,0,1,0,0,0
321,Wailord,Water,,90,45,170,90,45,60,0,0,2,0,0,0
322,Numel,Fire,Ground,60,40,60,65,45,35,0,0,0,1,0,0
323,Camerupt,Fire,Ground,100,70,70,105,75,40,1,0,0,1,0,0
324,Torkoal,Fire,,85,140,70,85,70,20,0,2,0,0,0,0
325,Spoink,Psychic,,25,35,60,70,80,60,0,0,0,0,1,0
326,Grumpig,Psychic,,45,65,80,90,110,80,0,0,0,0,2,0
327,Spinda,Normal,,60,60,60,60,60,60,0,0,0,1,0,0
328,Trapinch,Ground,,100,45,45,45,45,10,1,0,0,0,0,0
329,Vibrava,Ground,Dragon,70,50,50,50,50,70,1,0,0,0,0,1
330,Flygon,Ground,Dragon,100,80,80,80,80,100,1,0,0,0,0,2
331,Cacnea,Grass,,85,40,50,85,40,35,0,0,0,1,0,0
332,Cacturne,Grass,Dark,115,60,70,115,60,55,1,0,0,1,0,0
333,Swablu,Normal,Flying,40,60,45,40,75,50,0,0,0,0,1,0
334,Altaria,Dragon,Flying,70,90,75,70,105,80,0,0,0,0,2,0
335,Zangoose,Normal,,115,60,73,60,60,90,2,0,0,0,0,0
336,Seviper,Poison,,100,60,73,100,60,65,1,0,0,1,0,0
337,Lunatone,Rock,Psychic,55,65,90,95,85,70,0,0,0,2,0,0
338,Solrock,Rock,Psychic,95,85,90,55,65,70,2,0,0,0,0,0
339,Barboach,Water,Ground,48,43,50,46,41,60,0,0,1,0,0,0
340,Whiscash,Water,Ground,78,73,110,76,71,60,0,0,2,0,0,0
341,Corphish,Water,,80,65,43,50,35,35,1,0,0,0,0,0
342,Crawdaunt,Water,Dark,120,85,63,90,55,55,2,0,0,0,0,0
343,Baltoy,Ground,Psychic,40,55,40,40,70,55,0,0,0,0,1,0
344,Claydol,Ground,Psychic,70,105,60,70,120,75,0,0,0,0,2,0
345,Lileep,Rock,Grass,41,77,66,61,87,23,0,0,0,0,1,0
346,Cradily,Rock,Grass,81,97,86,81,107,43,0,0,0,0,2,0
347,Anorith,Rock,Bug,95,50,45,40,50,75,1,0,0,0,0,0
348,Armaldo,Rock,Bug,125,100,75,70,80,45,2,0,0,0,0,0
349,Feebas,Water,,15,20,20,10,55,80,0,0,0,0,0,1
350,Milotic,Water,,60,79,95,100,125,81,0,0,0,0,2,0
351,Castform,Normal,,70,70,70,70,70,70,0,0,1,0,0,0
352,Kecleon,Normal,,90,70,60,60,120,40,0,0,0,0,1,0
353,Shuppet,Ghost,,75,35,44,63,33,45,1,0,0,0,0,0
354,Banette,Ghost,,115,65,64,83,63,65,2,0,0,0,0,0
355,Duskull,Ghost,,40,90,20,30,90,25,0,0,0,0,1,0
356,Dusclops,Ghost,,70,130,40,60,130,25,0,1,0,0,1,0
357,Tropius,Grass,Flying,68,83,99,72,87,51,0,0,2,0,0,0
358,Chimecho,Psychic,,50,80,75,95,90,65,0,0,0,1,1,0
359,Absol,Dark,,130,60,65,75,60,75,2,0,0,0,0,0
360,Wynaut,Psychic,,23,48,95,23,48,23,0,0,1,0,0,0
361,Snorunt,Ice,,50,50,50,50,50,50,0,0,1,0,0,0
362,Glalie,Ice,,80,80,80,80,80,80,0,0,2,0,0,0
363,Spheal,Ice,Water,40,50,70,55,50,25,0,0,1,0,0,0
364,Sealeo,Ice,Water,60,70,90,75,70,45,0,0,2,0,0,0
365,Walrein,Ice,Water,80,90,110,95,90,65,0,0,3,0,0,0
366,Clamperl,Water,,64,85,35,74,55,32,0,1,0,0,0,0
367,Huntail,Water,,104,105,55,94,75,52,1,1,0,0,0,0
368,Gorebyss,Water,,84,105,55,114,75,52,0,0,0,2,0,0
369,Relicanth,Water,Rock,90,130,100,45,65,55,0,1,1,0,0,0
370,Luvdisc,Water,,30,55,43,40,65,97,0,0,0,0,0,1
371,Bagon,Dragon,,75,60,45,40,30,50,1,0,0,0,0,0
372,Shelgon,Dragon,,95,100,65,60,50,50,0,2,0,0,0,0
373,Salamence,Dragon,Flying,135,80,95,110,80,100,3,0,0,0,0,0
374,Beldum,Steel,Psychic,55,80,40,35,60,30,0,1,0,0,0,0
375,Metang,Steel,Psychic,75,100,60,55,80,50,0,2,0,0,0,0
376,Metagross,Steel,Psychic,135,130,80,95,90,70,0,3,0,0,0,0
377,Regirock,Rock,,100,200,80,50,100,50,0,3,0,0,0,0
378,Regice,Ice,,50,100,80,100,200,50,0,0,0,0,3,0
379,Registeel,Steel,,75,150,80,75,150,50,0,2,0,0,1,0
380,Latias,Dragon,Psychic,80,90,80,110,130,110,0,0,0,0,3,0
381,Latios,Dragon,Psychic,90,80,80,130,110,110,0,0,0,3,0,0
382,Kyogre,Water,,100,90,100,150,140,90,0,0,0,3,0,0
383,Groudon,Ground,,150,140,100,100,90,90,3,0,0,0,0,0
384,Rayquaza,Dragon,Flying,150,90,105,150,90,95,2,0,0,1,0,0
385,Jirachi,Steel,Psychic,100,100,100,100,100,100,0,0,3,0,0,0
386,Deoxys,Psychic,,150,50,50,150,50,150,1,0,0,1,0,1
387,Turtwig,Grass,,68,64,55,45,55,31,1,0,0,0,0,0
388,Grotle,Grass,,89,85,75,55,65,36,1,1,0,0,0,0
389,Torterra,Grass,Ground,109,105,95,75,85,56,2,1,0,0,0,0
390,Chimchar,Fire,,58,44,44,58,44,61,0,0,0,0,0,1
391,Monferno,Fire,Fight,78,52,64,78,52,81,0,0,0,1,0,1
392,Infernape,Fire,Fight,104,71,76,104,71,108,1,0,0,1,0,1
393,Piplup,Water,,51,53,53,61,56,40,0,0,0,1,0,0
394,Prinplup,Water,,66,68,64,81,76,50,0,0,0,2,0,0
395,Empoleon,Water,Steel,86,88,84,111,101,60,0,0,0,3,0,0
396,Starly,Normal,Flying,55,30,40,30,30,60,0,0,0,0,0,1
397,Staravia,Normal,Flying,75,50,55,40,40,80,0,0,0,0,0,2
398,Staraptor,Normal,Flying,120,70,85,50,60,100,3,0,0,0,0,0
399,Bidoof,Normal,,45,40,59,35,40,31,0,0,1,0,0,0
400,Bibarel,Normal,Water,85,60,79,55,60,71,2,0,0,0,0,0
401,Kricketot,Bug,,25,41,37,25,41,25,0,1,0,0,0,0
402,Kricketune,Bug,,85,51,77,55,51,65,2,0,0,0,0,0
403,Shinx,Electric,,65,34,45,40,34,45,1,0,0,0,0,0
404,Luxio,Electric,,85,49,60,60,49,60,2,0,0,0,0,0
405,Luxray,Electric,,120,79,80,95,79,70,3,0,0,0,0,0
406,Budew,Grass,Poison,30,35,40,50,70,55,0,0,0,1,0,0
407,Roserade,Grass,Poison,70,65,60,125,105,90,0,0,0,3,0,0
408,Cranidos,Rock,,125,40,67,30,30,58,1,0,0,0,0,0
409,Rampardos,Rock,,165,60,97,65,50,58,2,0,0,0,0,0
410,Shieldon,Rock,Steel,42,118,30,42,88,30,0,1,0,0,0,0
411,Bastiodon,Rock,Steel,52,168,60,47,138,30,0,2,0,0,0,0
412,Burmy,Bug,,29,45,40,29,45,36,0,0,0,0,1,0
413,Wormadam,Bug,Grass,59,85,60,79,105,36,0,0,0,0,2,0
414,Mothim,Bug,Flying,94,50,70,94,50,66,1,0,0,1,0,0
415,Combee,Bug,Flying,30,42,30,30,42,70,0,0,0,0,0,1
416,Vespiquen,Bug,Flying,80,102,70,80,102,40,0,1,0,0,1,0
417,Pachirisu,Electric,,45,70,60,45,90,95,0,0,0,0,0,1
418,Buizel,Water,,65,35,55,60,30,85,0,0,0,0,0,1
419,Floatzel,Water,,105,55,85,85,50,115,0,0,0,0,0,2
420,Cherubi,Grass,,35,45,45,62,53,35,0,0,0,1,0,0
421,Cherrim,Grass,,60,70,70,87,78,85,0,0,0,2,0,0
422,Shellos,Water,,48,48,76,57,62,34,0,0,1,0,0,0
423,Gastrodon,Water,Ground,83,68,111,92,82,39,0,0,2,0,0,0
424,Ambipom,Normal,,100,66,75,60,66,115,0,0,0,0,0,2
425,Drifloon,Ghost,Flying,50,34,90,60,44,70,0,0,1,0,0,0
426,Drifblim,Ghost,Flying,80,44,150,90,54,80,0,0,2,0,0,0
427,Buneary,Normal,,66,44,55,44,56,85,0,0,0,0,0,1
428,Lopunny,Normal,,76,84,65,54,96,105,0,0,0,0,0,2
429,Mismagius,Ghost,,60,60,60,105,105,105,0,0,0,1,1,0
430,Honchkrow,Dark,Flying,125,52,100,105,52,71,2,0,0,0,0,0
431,Glameow,Normal,,55,42,49,42,37,85,0,0,0,0,0,1
432,Purugly,Normal,,82,64,71,64,59,112,0,0,0,0,0,2
433,Chingling,Psychic,,30,50,45,65,50,45,0,0,0,1,0,0
434,Stunky,Poison,Dark,63,47,63,41,41,74,0,0,0,0,0,1
435,Skuntank,Poison,Dark,93,67,103,71,61,84,0,0,2,0,0,0
436,Bronzor,Steel,Psychic,24,86,57,24,86,23,0,1,0,0,0,0
437,Bronzong,Steel,Psychic,89,116,67,79,116,33,0,1,0,0,1,0
438,Bonsly,Rock,,80,95,50,10,45,10,0,1,0,0,0,0
439,Mime Jr.,Psychic,Fairy,25,45,20,70,90,60,0,0,0,0,1,0
440,Happiny,Normal,,5,5,100,15,65,30,0,0,1,0,0,0
441,Chatot,Normal,Flying,65,45,76,92,42,91,1,0,0,0,0,0
442,Spiritomb,Ghost,Dark,92,108,50,92,108,35,0,1,0,0,1,0
443,Gible,Dragon,Ground,70,45,58,40,45,42,1,0,0,0,0,0
444,Gabite,Dragon,Ground,90,65,68,50,55,82,2,0,0,0,0,0
445,Garchomp,Dragon,Ground,130,95,108,80,85,102,3,0,0,0,0,0
446,Munchlax,Normal,,85,40,135,40,85,5,0,0,1,0,0,0
447,Riolu,Fight,,70,40,40,35,40,60,1,0,0,0,0,0
448,Lucario,Fight,Steel,110,70,70,115,70,90,1,0,0,1,0,0
449,Hippopotas,Ground,,72,78,68,38,42,32,0,1,0,0,0,0
450,Hippowdon,Ground,,112,118,108,68,72,47,0,2,0,0,0,0
451,Skorupi,Poison,Bug,50,90,40,30,55,65,0,1,0,0,0,0
452,Drapion,Poison,Dark,90,110,70,60,75,95,0,2,0,0,0,0
453,Croagunk,Poison,Fight,61,40,48,61,40,50,1,0,0,0,0,0
454,Toxicroak,Poison,Fight,106,65,83,86,65,85,2,0,0,0,0,0
455,Carnivine,Grass,,100,72,74,90,72,46,2,0,0,0,0,0
456,Finneon,Water,,49,56,49,49,61,66,0,0,0,0,0,1
457,Lumineon,Water,,69,76,69,69,86,91,0,0,0,0,0,2
458,Mantyke,Water,Flying,20,50,45,60,120,50,0,0,0,0,1,0
459,Snover,Grass,Ice,62,50,60,62,60,40,1,0,0,0,0,0
460,Abomasnow,Grass,Ice,92,75,90,92,85,60,1,0,0,1,0,0
461,Weavile,Dark,Ice,120,65,70,45,85,125,1,0,0,0,0,1
462,Magnezone,Electric,Steel,70,115,70,130,90,60,0,0,0,3,0,0
463,Lickilicky,Normal,,85,95,110,80,95,50,0,0,3,0,0,0
464,Rhyperior,Ground,Rock,140,130,115,55,55,40,3,0,0,0,0,0
465,Tangrowth,Grass,,100,125,100,110,50,50,0,2,0,0,0,0
466,Electivire,Electric,,123,67,75,95,85,95,3,0,0,0,0,0
467,Magmortar,Fire,,95,67,75,125,95,83,0,0,0,3,0,0
468,Togekiss,Fairy,Flying,50,95,85,120,115,80,0,0,0,2,1,0
469,Yanmega,Bug,Flying,76,86,86,116,56,95,2,0,0,0,0,0
470,Leafeon,Grass,,110,130,65,60,65,95,0,2,0,0,0,0
471,Glaceon,Ice,,60,110,65,130,95,65,0,0,0,2,0,0
472,Gliscor,Ground,Flying,95,125,75,45,75,95,0,2,0,0,0,0
473,Mamoswine,Ice,Ground,130,80,110,70,60,80,3,0,0,0,0,0
474,Porygon-Z,Normal,,80,70,85,135,75,90,0,0,0,3,0,0
475,Gallade,Psychic,Fight,125,65,68,65,115,80,3,0,0,0,0,0
476,Probopass,Rock,Steel,55,145,60,75,150,40,0,1,0,0,2,0
477,Dusknoir,Ghost,,100,135,45,65,135,45,0,1,0,0,2,0
478,Froslass,Ice,Ghost,80,70,70,80,70,110,0,0,0,0,0,2
479,Rotom,Electric,Ghost,50,77,50,95,77,91,0,0,0,1,0,1
480,Uxie,Psychic,,75,130,75,75,130,95,0,2,0,0,1,0
481,Mesprit,Psychic,,105,105,80,105,105,80,1,0,0,1,1,0
482,Azelf,Psychic,,125,70,75,125,70,115,2,0,0,1,0,0
483,Dialga,Steel,Dragon,120,120,100,150,100,90,0,0,0,3,0,0
484,Palkia,Water,Dragon,120,100,90,150,120,100,0,0,0,3,0,0
485,Heatran,Fire,Steel,90,106,91,130,106,77,0,0,0,3,0,0
486,Regigigas,Normal,,160,110,110,80,110,100,3,0,0,0,0,0
487,Giratina,Ghost,Dragon,100,120,150,100,120,90,0,0,3,0,0,0
488,Cresselia,Psychic,,70,120,120,75,130,85,0,0,0,0,3,0
489,Phione,Water,,80,80,80,80,80,80,0,0,1,0,0,0
490,Manaphy,Water,,100,100,100,100,100,100,0,0,3,0,0,0
491,Darkrai,Dark,,90,90,70,135,90,125,0,0,0,2,0,1
492,Shaymin,Grass,,100,100,100,100,100,100,0,0,3,0,0,0
493,Arceus,Normal,,120,120,120,120,120,120,0,0,3,0,0,0
494,Victini,Psychic,Fire,100,100,100,100,100,100,0,0,3,0,0,0
495,Snivy,Grass,,45,55,45,45,55,63,0,0,0,0,0,1
496,Servine,Grass,,60,75,60,60,75,83,0,0,0,0,0,2
497,Serperior,Grass,,75,95,75,75,95,113,0,0,0,0,0,3
498,Tepig,Fire,,63,45,65,45,45,45,0,0,1,0,0,0
499,Pignite,Fire,Fight,93,55,90,70,55,55,2,0,0,0,0,0
500,Emboar,Fire,Fight,123,65,110,100,65,65,3,0,0,0,0,0
501,Oshawott,Water,,55,45,55,63,45,45,0,0,0,1,0,0
502,Dewott,Water,,75,60,75,83,60,60,0,0,0,2,0,0
503,Samurott,Water,,100,85,95,108,70,70,0,0,0,3,0,0
504,Patrat,Normal,,55,39,45,35,39,42,1,0,0,0,0,0
505,Watchog,Normal,,85,69,60,60,69,77,2,0,0,0,0,0
506,Lillipup,Normal,,60,45,45,25,45,55,1,0,0,0,0,0
507,Herdier,Normal,,80,65,65,35,65,60,2,0,0,0,0,0
508,Stoutland,Normal,,110,90,85,45,90,80,3,0,0,0,0,0
509,Purrloin,Dark,,50,37,41,50,37,66,0,0,0,0,0,1
510,Liepard,Dark,,88,50,64,88,50,106,0,0,0,0,0,2
511,Pansage,Grass,,53,48,50,53,48,64,0,0,0,0,0,1
512,Simisage,Grass,,98,63,75,98,63,101,0,0,0,0,0,2
513,Pansear,Fire,,53,48,50,53,48,64,0,0,0,0,0,1
514,Simisear,Fire,,98,63,75,98,63,101,0,0,0,0,0,2
515,Panpour,Water,,53,48,50,53,48,64,0,0,0,0,0,1
516,Simipour,Water,,98,63,75,98,63,101,0,0,0,0,0,2
517,Munna,Psychic,,25,45,76,67,55,24,0,0,1,0,0,0
518,Musharna,Psychic,,55,85,116,107,95,29,0,0,2,0,0,0
519,Pidove,Normal,Flying,55,50,50,36,30,43,1,0,0,0,0,0
520,Tranquill,Normal,Flying,77,62,62,50,42,65,2,0,0,0,0,0
521,Unfezant,Normal,Flying,115,80,80,65,55,93,3,0,0,0,0,0
522,Blitzle,Electric,,60,32,45,50,32,76,0,0,0,0,0,1
523,Zebstrika,Electric,,100,63,75,80,63,116,0,0,0,0,0,2
524,Roggenrola,Rock,,75,85,55,25,25,15,0,1,0,0,0,0
525,Boldore,Rock,,105,105,70,50,40,20,1,1,0,0,0,0
526,Gigalith,Rock,,135,130,85,60,80,25,3,0,0,0,0,0
527,Woobat,Psychic,Flying,45,43,65,55,43,72,0,0,0,0,0,1
528,Swoobat,Psychic,Flying,57,55,67,77,55,114,0,0,0,0,0,2
529,Drilbur,Ground,,85,40,60,30,45,68,1,0,0,0,0,0
530,Excadrill,Ground,Steel,135,60,110,50,65,88,2,0,0,0,0,0
531,Audino,Normal,,60,86,103,60,86,50,0,0,2,0,0,0
532,Timburr,Fight,,80,55,75,25,35,35,1,0,0,0,0,0
533,Gurdurr,Fight,,105,85,85,40,50,40,2,0,0,0,0,0
534,Conkeldurr,Fight,,140,95,105,55,65,45,3,0,0,0,0,0
535,Tympole,Water,,50,40,50,50,40,64,0,0,0,0,0,1
536,Palpitoad,Water,Ground,65,55,75,65,55,69,0,0,2,0,0,0
537,Seismitoad,Water,Ground,95,75,105,85,75,74,0,0,3,0,0,0
538,Throh,Fight,,100,85,120,30,85,45,0,0,2,0,0,0
539,Sawk,Fight,,125,75,75,30,75,85,2,0,0,0,0,0
540,Sewaddle,Bug,Grass,53,70,45,40,60,42,0,1,0,0,0,0
541,Swadloon,Bug,Grass,63,90,55,50,80,42,0,2,0,0,0,0
542,Leavanny,Bug,Grass,103,80,75,70,80,92,3,0,0,0,0,0
543,Venipede,Bug,Poison,45,59,30,30,39,57,0,1,0,0,0,0
544,Whirlipede,Bug,Poison,55,99,40,40,79,47,0,2,0,0,0,0
545,Scolipede,Bug,Poison,100,89,60,55,69,112,0,0,0,0,0,3
546,Cottonee,Grass,Fairy,27,60,40,37,50,66,0,0,0,0,0,1
547,Whimsicott,Grass,Fairy,67,85,60,77,75,116,0,0,0,0,0,2
548,Petilil,Grass,,35,50,45,70,50,30,0,0,0,1,0,0
549,Lilligant,Grass,,60,75,70,110,75,90,0,0,0,2,0,0
550,Basculin,Water,,92,65,70,80,55,98,0,0,0,0,0,2
551,Sandile,Ground,Dark,72,35,50,35,35,65,1,0,0,0,0,0
552,Krokorok,Ground,Dark,82,45,60,45,45,74,2,0,0,0,0,0
553,Krookodile,Ground,Dark,117,80,95,65,70,92,3,0,0,0,0,0
554,Darumaka,Fire,,90,45,70,15,45,50,1,0,0,0,0,0
555,Darmanitan,Fire,,140,55,105,30,55,95,2,0,0,0,0,0
556,Maractus,Grass,,86,67,75,106,67,60,0,0,0,2,0,0
557,Dwebble,Bug,Rock,65,85,50,35,35,55,0,1,0,0,0,0
558,Crustle,Bug,Rock,105,125,70,65,75,45,0,2,0,0,0,0
559,Scraggy,Dark,Fight,75,70,50,35,70,48,1,0,0,0,0,0
560,Scrafty,Dark,Fight,90,115,65,45,115,58,0,1,0,0,1,0
561,Sigilyph,Psychic,Flying,58,80,72,103,80,97,0,0,0,2,0,0
562,Yamask,Ghost,,30,85,38,55,65,30,0,1,0,0,0,0
563,Cofagrigus,Ghost,,50,145,58,95,105,30,0,2,0,0,0,0
564,Tirtouga,Water,Rock,78,103,54,53,45,22,0,1,0,0,0,0
565,Carracosta,Water,Rock,108,133,74,83,65,32,0,2,0,0,0,0
566,Archen,Rock,Flying,112,45,55,74,45,70,1,0,0,0,0,0
567,Archeops,Rock,Flying,140,65,75,112,65,110,2,0,0,0,0,0
568,Trubbish,Poison,,50,62,50,40,62,65,0,0,0,0,0,1
569,Garbodor,Poison,,95,82,80,60,82,75,2,0,0,0,0,0
570,Zorua,Dark,,65,40,40,80,40,65,0,0,0,1,0,0
571,Zoroark,Dark,,105,60,60,120,60,105,0,0,0,2,0,0
572,Minccino,Normal,,50,40,55,40,40,75,0,0,0,0,0,1
573,Cinccino,Normal,,95,60,75,65,60,115,0,0,0,0,0,2
574,Gothita,Psychic,,30,50,45,55,65,45,0,0,0,0,1,0
575,Gothorita,Psychic,,45,70,60,75,85,55,0,0,0,0,2,0
576,Gothitelle,Psychic,,55,95,70,95,110,65,0,0,0,0,3,0
577,Solosis,Psychic,,30,40,45,105,50,20,0,0,0,1,0,0
578,Duosion,Psychic,,40,50,65,125,60,30,0,0,0,2,0,0
579,Reuniclus,Psychic,,65,75,110,125,85,30,0,0,0,3,0,0
580,Ducklett,Water,Flying,44,50,62,44,50,55,0,0,1,0,0,0
581,Swanna,Water,Flying,87,63,75,87,63,98,0,0,0,0,0,2
582,Vanillite,Ice,,50,50,36,65,60,44,0,0,0,1,0,0
583,Vanillish,Ice,,65,65,51,80,75,59,0,0,0,2,0,0
584,Vanilluxe,Ice,,95,85,71,110,95,79,0,0,0,3,0,0
585,Deerling,Normal,Grass,60,50,60,40,50,75,0,0,0,0,0,1
586,Sawsbuck,Normal,Grass,100,70,80,60,70,95,2,0,0,0,0,0
587,Emolga,Electric,Flying,75,60,55,75,60,103,0,0,0,0,0,2
588,Karrablast,Bug,,75,45,50,40,45,60,1,0,0,0,0,0
589,Escavalier,Bug,Steel,135,105,70,60,105,20,2,0,0,0,0,0
590,Foongus,Grass,Poison,55,45,69,55,55,15,0,0,1,0,0,0
591,Amoonguss,Grass,Poison,85,70,114,85,80,30,0,0,2,0,0,0
592,Frillish,Water,Ghost,40,50,55,65,85,40,0,0,0,0,1,0
593,Jellicent,Water,Ghost,60,70,100,85,105,60,0,0,0,0,2,0
594,Alomomola,Water,,75,80,165,40,45,65,0,0,2,0,0,0
595,Joltik,Bug,Electric,47,50,50,57,50,65,0,0,0,0,0,1
596,Galvantula,Bug,Electric,77,60,70,97,60,108,0,0,0,0,0,2
597,Ferroseed,Grass,Steel,50,91,44,24,86,10,0,1,0,0,0,0
598,Ferrothorn,Grass,Steel,94,131,74,54,116,20,0,2,0,0,0,0
599,Klink,Steel,,55,70,40,45,60,30,0,1,0,0,0,0
600,Klang,Steel,,80,95,60,70,85,50,0,2,0,0,0,0
601,Klinklang,Steel,,100,115,60,70,85,90,0,3,0,0,0,0
602,Tynamo,Electric,,55,40,35,45,40,60,0,0,0,0,0,1
603,Eelektrik,Electric,,85,70,65,75,70,40,2,0,0,0,0,0
604,Eelektross,Electric,,115,80,85,105,80,50,3,0,0,0,0,0
605,Elgyem,Psychic,,55,55,55,85,55,30,0,0,0,1,0,0
606,Beheeyem,Psychic,,75,75,75,125,95,40,0,0,0,2,0,0
607,Litwick,Ghost,Fire,30,55,50,65,55,20,0,0,0,1,0,0
608,Lampent,Ghost,Fire,40,60,60,95,60,55,0,0,0,2,0,0
609,Chandelure,Ghost,Fire,55,90,60,145,90,80,0,0,0,3,0,0
610,Axew,Dragon,,87,60,46,30,40,57,1,0,0,0,0,0
611,Fraxure,Dragon,,117,70,66,40,50,67,2,0,0,0,0,0
612,Haxorus,Dragon,,147,90,76,60,70,97,3,0,0,0,0,0
613,Cubchoo,Ice,,70,40,55,60,40,40,1,0,0,0,0,0
614,Beartic,Ice,,130,80,95,70,80,50,2,0,0,0,0,0
615,Cryogonal,Ice,,50,50,80,95,135,105,0,0,0,0,2,0
616,Shelmet,Bug,,40,85,50,40,65,25,0,1,0,0,0,0
617,Accelgor,Bug,,70,40,80,100,60,145,0,0,0,0,0,2
618,Stunfisk,Ground,Electric,66,84,109,81,99,32,0,0,2,0,0,0
619,Mienfoo,Fight,,85,50,45,55,50,65,1,0,0,0,0,0
620,Mienshao,Fight,,125,60,65,95,60,105,2,0,0,0,0,0
621,Druddigon,Dragon,,120,90,77,60,90,48,2,0,0,0,0,0
622,Golett,Ground,Ghost,74,50,59,35,50,35,1,0,0,0,0,0
623,Golurk,Ground,Ghost,124,80,89,55,80,55,2,0,0,0,0,0
624,Pawniard,Dark,Steel,85,70,45,40,40,60,1,0,0,0,0,0
625,Bisharp,Dark,Steel,125,100,65,60,70,70,2,0,0,0,0,0
626,Bouffalant,Normal,,110,95,95,40,95,55,2,0,0,0,0,0
627,Rufflet,Normal,Flying,83,50,70,37,50,60,1,0,0,0,0,0
628,Braviary,Normal,Flying,123,75,100,57,75,80,2,0,0,0,0,0
629,Vullaby,Dark,Flying,55,75,70,45,65,60,0,1,0,0,0,0
630,Mandibuzz,Dark,Flying,65,105,110,55,95,80,0,0,0,2,0,0
631,Heatmor,Fire,,97,66,85,105,66,65,0,0,0,2,0,0
632,Durant,Bug,Steel,109,112,58,48,48,109,0,2,0,0,0,0
633,Deino,Dark,Dragon,65,50,52,45,50,38,1,0,0,0,0,0
634,Zweilous,Dark,Dragon,85,70,72,65,70,58,2,0,0,0,0,0
635,Hydreigon,Dark,Dragon,105,90,92,125,90,98,0,0,0,3,0,0
636,Larvesta,Bug,Fire,85,55,55,50,55,60,1,0,0,0,0,0
637,Volcarona,Bug,Fire,60,65,85,135,105,100,0,0,0,3,0,0
638,Cobalion,Steel,Fight,90,129,91,90,72,108,0,3,0,0,0,0
639,Terrakion,Rock,Fight,129,90,91,72,90,108,3,0,0,0,0,0
640,Virizion,Grass,Fight,90,72,91,90,129,108,0,0,0,0,3,0
641,Tornadus,Flying,,115,70,79,125,80,111,3,0,0,0,0,0
642,Thundurus,Electric,Flying,115,70,79,125,80,111,3,0,0,0,0,0
643,Reshiram,Dragon,Fire,120,100,100,150,120,90,0,0,0,3,0,0
644,Zekrom,Dragon,Electric,150,120,100,120,100,90,3,0,0,0,0,0
645,Landorus,Ground,Flying,125,90,89,115,80,101,0,0,0,3,0,0
646,Kyurem,Dragon,Ice,130,90,125,130,90,95,1,0,1,1,0,0
647,Keldeo,Water,Fight,72,90,91,129,90,108,0,0,0,3,0,0
648,Meloetta,Normal,Psychic,77,77,100,128,128,90,0,0,0,1,1,1
649,Genesect,Bug,Steel,120,95,71,120,95,99,1,0,0,1,0,1
650,Chespin,Grass,,61,65,56,48,45,38,0,1,0,0,0,0
651,Quilladin,Grass,,78,95,61,56,58,57,0,2,0,0,0,0
652,Chesnaught,Grass,Fight,107,122,88,74,75,64,0,3,0,0,0,0
653,Fennekin,Fire,,45,40,40,62,60,60,0,0,0,1,0,0
654,Braixen,Fire,,59,58,59,90,70,73,0,0,0,2,0,0
655,Delphox,Fire,Psychic,69,72,75,114,100,104,0,0,0,3,0,0
656,Froakie,Water,,56,40,41,62,44,71,0,0,0,0,0,1
657,Frogadier,Water,,63,52,54,83,56,97,0,0,0,0,0,2
658,Greninja,Water,Dark,95,67,72,103,71,122,0,0,0,0,0,3
659,Bunnelby,Normal,,36,38,38,32,36,57,0,0,0,0,0,1
660,Diggersby,Normal,Ground,56,77,85,50,77,78,0,0,2,0,0,0
661,Fletchling,Normal,Flying,50,43,45,40,38,62,0,0,0,0,0,1
662,Fletchinder,Fire,Flying,73,55,62,56,52,84,0,0,0,0,0,2
663,Talonflame,Fire,Flying,81,71,78,74,69,126,0,0,0,0,0,3
664,Scatterbug,Bug,,35,40,38,27,25,35,0,1,0,0,0,0
665,Spewpa,Bug,,22,60,45,27,30,29,0,2,0,0,0,0
666,Vivillon,Bug,Flying,52,50,80,90,50,89,0,0,1,1,0,1
667,Litleo,Fire,Normal,50,58,62,73,54,72,0,0,0,1,0,0
668,Pyroar,Fire,Normal,68,72,86,109,66,106,0,0,0,2,0,0
669,Flabébé,Fairy,,38,39,44,61,79,42,0,0,0,0,1,0
670,Floette,Fairy,,45,47,54,75,98,52,0,0,0,0,2,0
671,Florges,Fairy,,65,68,78,112,154,75,0,0,0,0,3,0
672,Skiddo,Grass,,65,48,66,62,57,52,0,0,1,0,0,0
673,Gogoat,Grass,,100,62,123,97,81,68,0,0,2,0,0,0
674,Pancham,Fight,,82,62,67,46,48,43,1,0,0,0,0,0
675,Pangoro,Fight,Dark,124,78,95,69,71,58,2,0,0,0,0,0
676,Furfrou,Normal,,80,60,75,65,90,102,0,0,0,0,0,1
677,Espurr,Psychic,,48,54,62,63,60,68,0,0,0,0,0,1
678,Meowstic,Psychic,,48,76,74,83,81,104,0,0,0,0,0,2
679,Honedge,Steel,Ghost,80,100,45,35,37,28,0,1,0,0,0,0
680,Doublade,Steel,Ghost,110,150,59,45,49,35,0,2,0,0,0,0
681,Aegislash,Steel,Ghost,50,140,60,50,140,60,0,2,0,0,1,0
682,Spritzee,Fairy,,52,60,78,63,65,23,0,0,1,0,0,0
683,Aromatisse,Fairy,,72,72,101,99,89,29,0,0,2,0,0,0
684,Swirlix,Fairy,,48,66,62,59,57,49,0,1,0,0,0,0
685,Slurpuff,Fairy,,80,86,82,85,75,72,0,2,0,0,0,0
686,Inkay,Dark,Psychic,54,53,53,37,46,45,1,0,0,0,0,0
687,Malamar,Dark,Psychic,92,88,86,68,75,73,2,0,0,0,0,0
688,Binacle,Rock,Water,52,67,42,39,56,50,1,0,0,0,0,0
689,Barbaracle,Rock,Water,105,115,72,54,86,68,2,0,0,0,0,0
690,Skrelp,Poison,Water,60,60,50,60,60,30,0,0,0,0,1,0
691,Dragalge,Poison,Dragon,75,90,65,97,123,44,0,0,0,0,2,0
692,Clauncher,Water,,53,62,50,58,63,44,0,0,0,1,0,0
693,Clawitzer,Water,,73,88,71,120,89,59,0,0,0,2,0,0
694,Helioptile,Electric,Normal,38,33,44,61,43,70,0,0,0,0,0,1
695,Heliolisk,Electric,Normal,55,52,62,109,94,109,0,0,0,1,0,1
696,Tyrunt,Rock,Dragon,89,77,58,45,45,48,1,0,0,0,0,0
697,Tyrantrum,Rock,Dragon,121,119,82,69,59,71,2,0,0,0,0,0
698,Amaura,Rock,Ice,59,50,77,67,63,46,0,0,1,0,0,0
699,Aurorus,Rock,Ice,77,72,123,99,92,58,0,0,2,0,0,0
700,Sylveon,Fairy,,65,65,95,110,130,60,0,0,0,0,2,0
701,Hawlucha,Fight,Flying,92,75,78,74,63,118,2,0,0,0,0,0
702,Dedenne,Electric,Fairy,58,57,67,81,67,101,0,0,0,0,0,2
703,Carbink,Rock,Fairy,50,150,50,50,150,50,0,1,0,0,1,0
704,Goomy,Dragon,,50,35,45,55,75,40,0,0,0,0,1,0
705,Sliggoo,Dragon,,75,53,68,83,113,60,0,0,0,0,2,0
706,Goodra,Dragon,,100,70,90,110,150,80,0,0,0,0,3,0
707,Klefki,Steel,Fairy,80,91,57,80,87,75,0,1,0,0,0,0
708,Phantump,Ghost,Grass,70,48,43,50,60,38,1,0,0,0,0,0
709,Trevenant,Ghost,Grass,110,76,85,65,82,56,2,0,0,0,0,0
710,Pumpkaboo,Ghost,Grass,66,70,49,44,55,51,0,1,0,0,0,0
711,Gourgeist,Ghost,Grass,90,122,65,58,75,84,0,2,0,0,0,0
712,Bergmite,Ice,,69,85,55,32,35,28,0,1,0,0,0,0
713,Avalugg,Ice,,117,184,95,44,46,28,0,2,0,0,0,0
714,Noibat,Flying,Dragon,30,35,40,45,40,55,0,0,0,0,0,1
715,Noivern,Flying,Dragon,70,80,85,97,80,123,0,0,0,0,0,2
716,Xerneas,Fairy,,131,95,126,131,98,99,0,0,3,0,0,0
717,Yveltal,Dark,Flying,131,95,126,131,98,99,0,0,3,0,0,0
718,Zygarde,Dragon,Ground,100,121,108,81,95,95,0,0,3,0,0,0
719,Diancie,Rock,Fairy,100,150,50,100,150,50,0,1,0,0,2,0
720,Hoopa,Psychic,Ghost,110,60,80,150,130,70,0,0,0,3,0,0
721,Volcanion,Fire,Water,110,120,80,130,90,70,0,0,0,3,0,0
722,Rowlet,Grass,Flying,55,55,68,50,50,42,0,0,1,0,0,0
723,Dartrix,Grass,Flying,75,75,78,70,70,52,0,0,2,0,0,0
724,Decidueye,Grass,Ghost,107,75,78,100,100,70,3,0,0,0,0,0
725,Litten,Fire,,65,40,45,60,40,70,0,0,0,0,0,1
726,Torracat,Fire,,85,50,65,80,50,90,0,0,0,0,0,2
727,Incineroar,Fire,Dark,115,90,95,80,90,60,3,0,0,0,0,0
728,Popplio,Water,,54,54,50,66,56,40,0,0,0,1,0,0
729,Brionne,Water,,69,69,60,91,81,50,0,0,0,2,0,0
730,Primarina,Water,Fairy,74,74,80,126,116,60,0,0,0,3,0,0
731,Pikipek,Normal,Flying,75,30,35,30,30,65,1,0,0,0,0,0
732,Trumbeak,Normal,Flying,85,50,55,40,50,75,2,0,0,0,0,0
733,Toucannon,Normal,Flying,120,75,80,75,75,60,3,0,0,0,0,0
734,Yungoos,Normal,,70,30,48,30,30,45,1,0,0,0,0,0
735,Gumshoos,Normal,,110,60,88,55,60,45,2,0,0,0,0,0
736,Grubbin,Bug,,62,45,47,55,45,46,1,0,0,0,0,0
737,Charjabug,Bug,Electric,82,95,57,55,75,36,0,2,0,0,0,0
738,Vikavolt,Bug,Electric,70,90,77,145,75,43,0,0,0,3,0,0
739,Crabrawler,Fight,,82,57,47,42,47,63,1,0,0,0,0,0
740,Crabominable,Fight,Ice,132,77,97,62,67,43,2,0,0,0,0,0
741,Oricorio,Fire,Flying,70,70,75,98,70,93,0,0,0,2,0,0
742,Cutiefly,Bug,Fairy,45,40,40,55,40,84,0,0,0,0,0,1
743,Ribombee,Bug,Fairy,55,60,60,95,70,124,0,0,0,0,0,2
744,Rockruff,Rock,,65,40,45,30,40,60,1,0,0,0,0,0
745,Lycanroc,Rock,,115,65,75,55,65,112,2,0,0,0,0,0
746,Wishiwashi,Water,,20,20,45,25,25,40,0,0,1,0,0,0
747,Mareanie,Poison,Water,53,62,50,43,52,45,0,1,0,0,0,0
748,Toxapex,Poison,Water,63,152,50,53,142,35,0,2,0,0,0,0
749,Mudbray,Ground,,100,70,70,45,55,45,1,0,0,0,0,0
750,Mudsdale,Ground,,125,100,100,55,85,35,2,0,0,0,0,0
751,Dewpider,Water,Bug,40,52,38,40,72,27,0,0,0,0,1,0
752,Araquanid,Water,Bug,70,92,68,50,132,42,0,0,0,0,2,0
753,Fomantis,Grass,,55,35,40,50,35,35,1,0,0,0,0,0
754,Lurantis,Grass,,105,90,70,80,90,45,2,0,0,0,0,0
755,Morelull,Grass,Fairy,35,55,40,65,75,15,0,0,0,0,1,0
756,Shiinotic,Grass,Fairy,45,80,60,90,100,30,0,0,0,0,2,0
757,Salandit,Poison,Fire,44,40,48,71,40,77,0,0,0,0,0,1
758,Salazzle,Poison,Fire,64,60,68,111,60,117,0,0,0,0,0,2
759,Stufful,Normal,Fight,75,50,70,45,50,50,1,0,0,0,0,0
760,Bewear,Normal,Fight,125,80,120,55,60,60,2,0,0,0,0,0
761,Bounsweet,Grass,,30,38,42,30,38,32,0,0,1,0,0,0
762,Steenee,Grass,,40,48,52,40,48,62,0,0,0,0,0,2
763,Tsareena,Grass,,120,98,72,50,98,72,3,0,0,0,0,0
764,Comfey,Fairy,,52,90,51,82,110,100,0,0,0,0,2,0
765,Oranguru,Normal,Psychic,60,80,90,90,110,60,0,0,0,0,2,0
766,Passimian,Fight,,120,90,100,40,60,80,2,0,0,0,0,0
767,Wimpod,Bug,Water,35,40,25,20,30,80,0,0,0,0,0,1
768,Golisopod,Bug,Water,125,140,75,60,90,40,0,2,0,0,0,0
769,Sandygast,Ghost,Ground,55,80,55,70,45,15,0,1,0,0,0,0
770,Palossand,Ghost,Ground,75,110,85,100,75,35,0,2,0,0,0,0
771,Pyukumuku,Water,,60,130,55,30,130,5,0,0,0,0,2,0
772,Type: Null,Normal,,95,95,95,95,95,59,0,0,2,0,0,0
773,Silvally,Normal,,95,95,95,95,95,95,0,0,3,0,0,0
774,Minior,Rock,Flying,60,100,60,60,100,60,0,1,0,0,1,0
775,Komala,Normal,,115,65,65,75,95,65,2,0,0,0,0,0
776,Turtonator,Fire,Dragon,78,135,60,91,85,36,0,2,0,0,0,0
777,Togedemaru,Electric,Steel,98,63,65,40,73,96,2,0,0,0,0,0
778,Mimikyu,Ghost,Fairy,90,80,55,50,105,96,0,0,0,0,2,0
779,Bruxish,Water,Psychic,105,70,68,70,70,92,2,0,0,0,0,0
780,Drampa,Normal,Dragon,60,85,78,135,91,36,0,0,0,2,0,0
781,Dhelmise,Ghost,Grass,131,100,70,86,90,40,2,0,0,0,0,0
782,Jangmo-o,Dragon,,55,65,45,45,45,45,0,1,0,0,0,0
783,Hakamo-o,Dragon,Fight,75,90,55,65,70,65,0,2,0,0,0,0
784,Kommo-o,Dragon,Fight,110,125,75,100,105,85,0,3,0,0,0,0
785,Tapu Koko,Electric,Fairy,115,85,70,95,75,130,0,0,0,0,0,3
786,Tapu Lele,Psychic,Fairy,85,75,70,130,115,95,0,0,0,3,0,0
787,Tapu Bulu,Grass,Fairy,130,115,70,85,95,75,3,0,0,0,0,0
788,Tapu Fini,Water,Fairy,75,115,70,95,130,85,0,0,0,0,3,0
789,Cosmog,Psychic,,29,31,43,29,31,37,0,0,1,0,0,0
790,Cosmoem,Psychic,,29,131,43,29,131,37,0,1,0,0,1,0
791,Solgaleo,Psychic,Steel,137,107,137,113,89,97,3,0,0,0,0,0
792,Lunala,Psychic,Ghost,113,89,137,137,107,97,0,0,0,3,0,0
793,Nihilego,Rock,Poison,53,47,109,127,131,103,0,0,0,0,3,0
794,Buzzwole,Bug,Fight,139,139,107,53,53,79,1,2,0,0,0,0
795,Pheromosa,Bug,Fight,137,37,71,137,37,151,0,0,0,0,0,3
796,Xurkitree,Electric,,89,71,83,173,71,83,0,0,0,3,0,0
797,Celesteela,Steel,Flying,101,103,97,107,101,61,1,1,0,1,0,0
798,Kartana,Grass,Steel,181,131,59,59,31,109,3,0,0,0,0,0
799,Guzzlord,Dark,Dragon,101,53,223,97,53,43,0,0,3,0,0,0
800,Necrozma,Psychic,,107,101,97,127,89,79,1,0,0,2,0,0
801,Magearna,Steel,Fairy,95,115,80,130,115,65,0,0,0,3,0,0
802,Marshadow,Fight,Ghost,125,80,90,90,90,125,2,0,0,0,0,1
803,Poipole,Poison,,73,67,67,73,67,73,0,0,0,0,0,1
804,Naganadel,Poison,Dragon,73,73,73,127,73,121,0,0,0,3,0,0
805,Stakataka,Rock,Steel,131,211,61,53,101,13,0,3,0,0,0,0
806,Blacephalon,Fire,Ghost,127,53,53,151,79,107,0,0,0,3,0,0
807,Zeraora,Electric,,112,75,88,102,80,143,0,0,0,0,0,3
808,Meltan,Steel,,65,65,46,55,35,34,1,0,0,0,0,0
809,Melmetal,Steel,,143,143,135,80,65,34,3,0,0,0,0,0
810,Grookey,Grass,,65,50,50,40,40,65,1,0,0,0,0,0
811,Thwackey,Grass,,85,70,70,55,60,80,2,0,0,0,0,0
812,Rillaboom,Grass,,125,90,100,60,70,85,3,0,0,0,0,0
813,Scorbunny,Fire,,71,40,50,40,40,69,0,0,0,0,0,1
814,Raboot,Fire,,86,60,65,55,60,94,0,0,0,0,0,2
815,Cinderace,Fire,,116,75,80,65,75,119,0,0,0,0,0,3
816,Sobble,Water,,40,40,50,70,40,70,0,0,0,0,1,1
817,Drizzile,Water,,60,55,65,95,55,90,0,0,0,2,0,0
818,Inteleon,Water,,85,65,70,125,65,120,0,0,0,0,0,3
819,Skwovet,Normal,,55,55,70,35,35,25,0,0,1,0,0,0
820,Greedent,Normal,,95,95,120,55,75,20,0,0,2,0,0,0
821,Rookidee,Flying,,47,35,38,33,35,57,0,0,0,0,0,1
822,Corvisquire,Flying,,67,55,68,43,55,77,0,0,0,0,0,2
823,Corviknight,Flying,Steel,87,105,98,53,85,67,0,3,0,0,0,0
824,Blipbug,Bug,,20,20,25,25,45,45,0,0,0,0,1,0
825,Dottler,Bug,Psychic,35,80,50,50,90,30,0,0,0,0,2,0
826,Orbeetle,Bug,Psychic,45,110,60,80,120,90,0,0,0,0,3,0
827,Nickit,Dark,,28,28,40,47,52,50,0,0,0,0,1,0
828,Thievul,Dark,,58,58,70,87,92,90,0,0,0,0,2,0
829,Gossifleur,Grass,,40,60,40,40,60,10,0,0,0,0,1,0
830,Eldegoss,Grass,,50,90,60,80,120,60,0,0,0,0,2,0
831,Wooloo,Normal,,40,55,42,40,45,48,0,1,0,0,0,0
832,Dubwool,Normal,,80,100,72,60,90,88,0,2,0,0,0,0
833,Chewtle,Water,,64,50,50,38,38,44,1,0,0,0,0,0
834,Drednaw,Water,Rock,115,90,90,48,68,74,2,0,0,0,0,0
835,Yamper,Electric,,45,50,59,40,50,26,0,0,1,0,0,0
836,Boltund,Electric,,90,60,69,90,60,121,0,0,0,0,0,2
837,Rolycoly,Rock,,40,50,30,40,50,30,0,1,0,0,0,0
838,Carkol,Rock,Fire,60,90,80,60,70,50,0,2,0,0,0,0
839,Coalossal,Rock,Fire,80,120,110,80,90,30,0,3,0,0,0,0
840,Applin,Grass,Dragon,40,80,40,40,40,20,0,1,0,0,0,0
841,Flapple,Grass,Dragon,110,80,70,95,60,70,2,0,0,0,0,0
842,Appletun,Grass,Dragon,85,80,110,100,80,30,0,0,2,0,0,0
843,Silicobra,Ground,,57,75,52,35,50,46,0,1,0,0,0,0
844,Sandaconda,Ground,,107,125,72,65,70,71,0,2,0,0,0,0
845,Cramorant,Flying,Water,85,55,70,85,95,85,0,0,0,0,2,0
846,Arrokuda,Water,,63,40,41,40,30,66,0,0,0,0,0,1
847,Barraskewda,Water,,123,60,61,60,50,136,0,0,0,0,0,2
848,Toxel,Electric,Poison,38,35,40,54,35,40,0,0,0,1,0,0
849,Toxtricity,Electric,Poison,98,70,75,114,70,75,0,0,0,2,0,0
850,Sizzlipede,Fire,Bug,65,45,50,50,50,45,1,0,0,0,0,0
851,Centiskorch,Fire,Bug,115,65,100,90,90,65,2,0,0,0,0,0
852,Clobbopus,Fight,,68,60,50,50,50,32,1,0,0,0,0,0
853,Grapploct,Fight,,118,90,80,70,80,42,2,0,0,0,0,0
854,Sinistea,Ghost,,45,45,40,74,54,50,0,0,0,1,0,0
855,Polteageist,Ghost,,65,65,60,134,114,70,0,0,0,2,0,0
856,Hatenna,Psychic,,30,45,42,56,53,39,0,0,0,1,0,0
857,Hattrem,Psychic,,40,65,57,86,73,49,0,0,0,2,0,0
858,Hatterene,Psychic,Fairy,90,95,57,136,103,29,0,0,0,3,0,0
859,Impidimp,Dark,Fairy,45,30,45,55,40,50,0,0,0,1,0,0
860,Morgrem,Dark,Fairy,60,45,65,75,55,70,0,0,0,2,0,0
861,Grimmsnarl,Dark,Fairy,120,65,95,95,75,60,3,0,0,0,0,0
862,Obstagoon,Dark,Normal,90,101,93,60,81,95,0,3,0,0,0,0
863,Perrserker,Steel,,110,100,70,50,60,50,2,0,0,0,0,0
864,Cursola,Ghost,,95,50,60,145,130,30,0,0,0,2,0,0
865,Sirfetch’d,Fight,,135,95,62,68,82,65,2,0,0,0,0,0
866,Mr. Rime,Ice,Psychic,85,75,80,110,100,70,0,0,0,3,0,0
867,Runerigus,Ground,Ghost,95,145,58,50,105,30,0,2,0,0,0,0
868,Milcery,Fairy,,40,40,45,50,61,34,0,0,0,0,1,0
869,Alcremie,Fairy,,60,75,65,110,121,64,0,0,0,0,2,0
870,Falinks,Fight,,100,100,65,70,60,75,2,0,0,0,1,0
871,Pincurchin,Electric,,101,95,48,91,85,15,2,0,0,0,0,0
872,Snom,Ice,Bug,25,35,30,45,30,20,0,0,0,1,0,0
873,Frosmoth,Ice,Bug,65,60,70,125,90,65,0,0,0,2,0,0
874,Stonjourner,Rock,,125,135,100,20,20,70,0,2,0,0,0,0
875,Eiscue,Ice,,80,110,75,65,90,50,0,2,0,0,0,0
876,Indeedee,Psychic,Normal,65,55,60,105,95,95,0,0,0,2,0,0
877,Morpeko,Electric,Dark,95,58,58,70,58,97,0,0,0,0,0,2
878,Cufant,Steel,,80,49,72,40,49,40,1,0,0,0,0,0
879,Copperajah,Steel,,130,69,122,80,69,30,2,0,0,0,0,0
880,Dracozolt,Electric,Dragon,100,90,90,80,70,75,2,0,0,0,0,0
881,Arctozolt,Electric,Ice,100,90,90,90,80,55,2,0,0,0,0,0
882,Dracovish,Water,Dragon,90,100,90,70,80,75,0,2,0,0,0,0
883,Arctovish,Water,Ice,90,100,90,80,90,55,0,2,0,0,0,0
884,Duraludon,Steel,Dragon,95,115,70,120,50,85,0,0,0,2,0,0
885,Dreepy,Dragon,Ghost,60,30,28,40,30,82,0,0,0,0,0,1
886,Drakloak,Dragon,Ghost,80,50,68,60,50,102,0,0,0,0,0,2
887,Dragapult,Dragon,Ghost,120,75,88,100,75,142,0,0,0,0,0,3
888,Zacian,Fairy,,130,115,92,80,115,138,0,0,0,0,0,3
889,Zamazenta,Fight,,130,115,92,80,115,138,0,0,0,0,0,3
890,Eternatus,Poison,Dragon,85,95,140,145,95,130,0,0,3,0,0,0
891,Kubfu,Fight,,90,60,60,53,50,72,1,0,0,0,0,0
892,Urshifu,Fight,Dark,130,100,100,63,60,97,3,0,0,0,0,0
893,Zarude,Dark,Grass,120,105,105,70,95,105,3,0,0,0,0,0
894,Regieleki,Electric,,100,50,80,100,50,200,0,0,0,0,0,3
895,Regidrago,Dragon,,100,50,200,100,50,80,0,0,3,0,0,0
896,Glastrier,Ice,,145,130,100,65,110,30,3,0,0,0,0,0
897,Spectrier,Ghost,,65,60,100,145,80,130,0,0,0,3,0,0
898,Calyrex,Psychic,Grass,80,80,100,80,80,80,0,0,3,0,0,0
